<?xml version="1.0" encoding="UTF-8"?>
<config xmlns:xsi='http://www.w3.org/2001/XMLSchema-instance'
	xmlns:jsr107='http://www.ehcache.org/v3/jsr107'
	xmlns='http://www.ehcache.org/v3'
	xsi:schemaLocation="
        http://www.ehcache.org/v3 http://www.ehcache.org/schema/ehcache-core-3.1.xsd
        http://www.ehcache.org/v3/jsr107 http://www.ehcache.org/schema/ehcache-107-ext-3.1.xsd">

	<service>
		<jsr107:defaults enable-management="false"
			enable-statistics="true" />
	</service>

	<cache alias="agileapps_cache">
		<key-type>java.lang.Object</key-type>
		<value-type>java.lang.Object</value-type>
		<expiry>
			<ttl unit="seconds">50</ttl>
		</expiry>
		<listeners>
			<listener>
				<class>com.agileapps.core.caching.JCacheEventLogger</class>
				<event-firing-mode>ASYNCHRONOUS</event-firing-mode>
				<event-ordering-mode>UNORDERED</event-ordering-mode>
				<events-to-fire-on>CREATED</events-to-fire-on>
				<events-to-fire-on>EXPIRED</events-to-fire-on>
				<events-to-fire-on>EVICTED</events-to-fire-on>
				<events-to-fire-on>REMOVED</events-to-fire-on>
				<events-to-fire-on>UPDATED</events-to-fire-on>
			</listener>
		</listeners>
		<resources>
			<heap unit="entries">2000</heap>
		</resources>
	</cache>
</config>