<?xml version="1.0" encoding="US-ASCII"?>
<SoftwareAG_License>
<Component Id="SalesInfo">
<SerialNumber>0000034127</SerialNumber>
<LicenseKey>FEC8A39D784B0E3DB0565CBD8B05D5B9</LicenseKey>
<CustomerID>SAG</CustomerID>
<CustomerName>SAG</CustomerName>
<ContractDetails>Internal</ContractDetails>
<ContractPosNumber>Internal</ContractPosNumber>
<LicenseTypeDetails>Internal</LicenseTypeDetails>
<AutoCallHome>No</AutoCallHome>
</Component>
<Component Id="ProductInfo">
<ExpirationDate>365 Days</ExpirationDate>
<OS>Linux</OS>
<ProductCode>PIE</ProductCode>
<ProductID/>
<ProductName>webMethods Integration Server</ProductName>
<ProductVersion>10.0</ProductVersion>
<Usage/>
<RenewalDate/>
<HigherLevPosNr/>
<HigherLevProdCode/>
<HigherLevProdName/>
</Component>
<Component Id="Integration Server">
<ProductCode>PIE</ProductCode>
<ProductVersion>10.0</ProductVersion>
<ConcurrentSessions>Unlimited</ConcurrentSessions>
<Clustering>yes</Clustering>
<PubSub>yes</PubSub>
<ART>yes</ART>
<RemoteInvoke>yes</RemoteInvoke>
<GuaranteedDelivery>yes</GuaranteedDelivery>
<SecurityAuditing>yes</SecurityAuditing>
<DistributedCache>yes</DistributedCache>
<EnterpriseGateway>yes</EnterpriseGateway>
<Microservices>yes</Microservices>
</Component>
<Component Id="Trading Networks">
<ProductCode>OTN</ProductCode>
<MaxPartners>Unlimited</MaxPartners>
</Component>
<Component Id="LicenseInfo">
<PriceUnit>TXN</PriceUnit>
<PriceQuantity>1</PriceQuantity>
<TypeOfInstallation/>
<LicenseType/>
<ExtendedRights/>
<LicenseVersion>1.2</LicenseVersion>
<Metering>MNO</Metering>
</Component>
</SoftwareAG_License>