<?xml version="1.0" encoding="US-ASCII"?>
<SoftwareAG_License>
<Component Id="SalesInfo">
<SerialNumber>0000034007</SerialNumber>
<LicenseKey>21FFAACA1A1C26A768CB33E5D19C9FFF</LicenseKey>
<CustomerID>Requested by Stoil Valchkov</CustomerID>
<CustomerName>Software AG Internal</CustomerName>
<ContractDetails>1</ContractDetails>
<ContractPosNumber>1</ContractPosNumber>
<LicenseTypeDetails>Internal</LicenseTypeDetails>
<AutoCallHome>No</AutoCallHome>
</Component>
<Component Id="ProductInfo">
<ExpirationDate>2020/12/01</ExpirationDate>
<OS>Linux</OS>
<ProductCode>MTA</ProductCode>
<ProductID/>
<ProductName>webMethods Metering</ProductName>
<ProductVersion>10.5</ProductVersion>
<Usage/>
<RenewalDate/>
<HigherLevPosNr/>
<HigherLevProdCode/>
<HigherLevProdName/>
</Component>
<Component Id="MeteringApplication">
<ProductCode>MTA</ProductCode>
<ProductVersion>10.5</ProductVersion>
</Component>
<Component Id="LicenseInfo">
<PriceUnit>MNode</PriceUnit>
<PriceQuantity>1</PriceQuantity>
<TypeOfInstallation/>
<LicenseType/>
<ExtendedRights/>
<LicenseVersion>1.2</LicenseVersion>
<Metering>MNO</Metering>
</Component>
</SoftwareAG_License>